"Reference","Value","Qty","JLCPCB Part #","Part Number","Digikey","Link","Datasheet","Footprint","Mouser","Description"
"C10","2nF","1","C1601","0603B202K500NT","","","https://jlcpcb.com/api/file/downloadByFileSystemAccessId/8588905097401413632","Capacitor_SMD:C_0603_1608Metric","","2nF 50V X7R ±10% 0603 Multilayer Ceramic Capacitors MLCC - SMD/SMT ROHS"
"J1,J2","Conn_02x06_Odd_Even","2","C49569704","2011-2X06G00RB","2553-2011-2X06G00RB-ND","https://www.mouser.com/ProductDetail/TE-Connectivity/825457-6?qs=rZUPe2MRfwKFRBLJqpyP%2Fw%3D%3D","https://jlcpcb.com/partdetail/WingTAT-20112X06G00RB/C49569704","TES&LNA_BIAS_FLUX_RAMP:PinHeader_2x06_PMOD","571-825457-6","Headers & Wire Housings MOD 2 PINHDR 2X06P"
"J5","Conn_02x06_Odd_Even","1","C49569856","2044-2X06G00RA","","","","Connector_PinSocket_2.54mm:PinSocket_2x06_P2.54mm_Horizontal","",""
"RV1","POT","1","C55071","3224W-1-203E","","https://jlcpcb.com/partdetail/BOURNS-3224W_1203E/C55071","https://jlcpcb.com/api/file/downloadByFileSystemAccessId/8588893462216892416","AliCPTBiasBoard:Potentiometer_Bourns_3224W_Vertical","","Trimmer Resistors - SMD 4mm 20Kohms 10% Square Cermet Sealed"
"J3,J4","Conn_Coaxial","2","C376663","901-144-8RFX","","https://www.mouser.com/ProductDetail/Amphenol-RF/901-144-8RFX?qs=jpOL8GWAqat%252BbPjbt8toTg%3D%3D","https://www.mouser.com/datasheet/2/18/1/amph_s_a0001295158_1-2260876.pdf","TES&LNA_BIAS_FLUX_RAMP:SMA_Amphenol_901-144_Vertical","901-144-8RFX","RF Connectors / Coaxial Connectors VERTICAL PCB JACK GOLD PLATED BRASS"
"Y1","ABLNO-122.880MHZ","1","C17409828","ABLNO-122.880MHZ","535-12349-ND","https://www.digikey.com/en/products/detail/abracon-llc/ABLNO-122-880MHZ/4240082","https://abracon.com/Precisiontiming/ABLNO.pdf","TES&LNA_BIAS_FLUX_RAMP:XTAL_ABLNO-122.880MHZ","",""
"U2","AD9742ARUZ","1","C653762","AD9742ARUZ ","AD9742ARUZ-ND","https://www.mouser.com/ProductDetail/Analog-Devices/AD9742ARUZ?qs=BpaRKvA4VqHNGBttt4gCqA%3D%3D","https://www.mouser.com/datasheet/2/609/AD9742-3119953.pdf","TES&LNA_BIAS_FLUX_RAMP:RU_28_ADI-L","584-AD9742ARUZ",""
"D1,D2","LED","2","C5588998","APTD2012LSYCK","","","https://www.mouser.com/ProductDetail/Kingbright/APTD2012LSYCK?qs=AQlKX63v8Rs%252BoJzWpwxJ3A%3D%3D","LED_SMD:LED_0805_2012Metric","604-APTD2012LSYCK","Light emitting diode"
"C2,C5,C7,C8,C9","0.1u","5","C1590","CL10B104KA8NNNC","","https://jlcpcb.com/partdetail/1942-CL10B104KA8NNNC/C1590","https://jlcpcb.com/partdetail/1942-CL10B104KA8NNNC/C1590","Capacitor_SMD:C_0603_1608Metric","","25V 100nF X7R ±10% 0603 Multilayer Ceramic Capacitors MLCC - SMD/SMT ROHS"
"C1,C4","10u","2","C3039688","CL10X106MO8NRNC","1276-6769-1-ND","https://jlcpcb.com/partdetail/3595081-CL10X106MO8NRNC/C3039688","https://www.mouser.com/ProductDetail/KYOCERA-AVX/0603YW106MAT2A?qs=W%2FMpXkg%252BdQ4Ky72s9qQ7kA%3D%3D","Capacitor_SMD:C_0603_1608Metric","",""
"R2,R3,R14","10k","3","C20144536","CRCW060310K0FKEA","","https://www.mouser.com/ProductDetail/Vishay-Dale/CRCW060310K0FKEA?qs=sGAEpiMZZMtlubZbdhIBIEuCdpikRWPQrbrU%252Bxt1If0%3D","https://www.mouser.com/ProductDetail/Vishay-Dale/CRCW060310K0FKEA?qs=sGAEpiMZZMtlubZbdhIBIEuCdpikRWPQrbrU%252Bxt1If0%3D","Capacitor_SMD:C_0603_1608Metric","71-CRCW0603-10K-E3",""
"R1,R4","100","2","C702858","RCT05100RJLF","","https://www.mouser.com/ProductDetail/YAGEO/RT0805FRE13100RL?qs=sGAEpiMZZMtlubZbdhIBIMaxnMKvEBNdDiJqTcimWwo%3D","https://www.mouser.com/ProductDetail/YAGEO/RT0805FRE13100RL?qs=sGAEpiMZZMtlubZbdhIBIMaxnMKvEBNdDiJqTcimWwo%3D","Resistor_SMD:R_0805_2012Metric","603-RT0805FRE13100RL","Thin Film Resistors - SMD 100 ohm 1% 50 ppm Thin Film"
"C3,C6","0.01u","2","C1590","SH18B103K160CT","","https://www.mouser.com/ProductDetail/Walsin/SH18B103K160CT?qs=ZrPdAQfJ6DMX3aUwslhjvA%3D%3D","https://www.mouser.com/ProductDetail/Walsin/SH18B103K160CT?qs=ZrPdAQfJ6DMX3aUwslhjvA%3D%3D","Capacitor_SMD:C_0603_1608Metric","",""
"U1","SN74LV4040ADBR","1","C2675423","SN74LV4040ADBR ","296-3821-1-ND","https://www.mouser.com/ProductDetail/Texas-Instruments/SN74LV4040ADBR?qs=bkMXpVdiF43b2M524EKPRQ%3D%3D","https://www.ti.com/lit/gpn/sn74lv4040a","TES&LNA_BIAS_FLUX_RAMP:DB16-L","595-SN74LV4040ADBR",""
"R5,R6,R7,R15","49.9","4","C657322","TD03G49R9BT","","https://jlcpcb.com/partdetail/696072-TD03G49R9BT/C657322","https://jlcpcb.com/partdetail/696072-TD03G49R9BT/C657322","Capacitor_SMD:C_0603_1608Metric","603-RT0603BRD0749R9L",""
