﻿Designator,Footprint,Quantity,Value,LCSC Part #
"C1, C4",0603,2,10u,C3039688
C10,0603,1,2nF,C1601
"C2, C5, C7, C8, C9",0603,5,0.1u,C1590
"C3, C6",0603,2,0.01u,C1590
"D1, D2",0805,2,LED,C5588998
"J1, J2",PinHeader_2x06_PMOD,2,Conn_02x06_Odd_Even,C49569704
"J3, J4",SMA_Amphenol_901-144_Vertical,2,Conn_Coaxial,C376663
J5,PinSocket_2x06_P2.54mm_Horizontal,1,Conn_02x06_Odd_Even,C49569856
"R1, R4",0805,2,100,C702858
"R14, R2, R3",0603,3,10k,C20144536
"R15, R5, R6, R7",0603,4,49.9,C657322
RV1,Potentiometer_Bourns_3224W_Vertical,1,POT,C55071
U1,DB16-L,1,SN74LV4040ADBR,C2675423
U2,RU_28_ADI-L,1,AD9742ARUZ,C653762
Y1,XTAL_ABLNO-122.880MHZ,1,ABLNO-122.880MHZ,C17409828
