"Reference","Value","Footprint","JLCPCB Part #","Qty","Part Number","Link","Datasheet","Description","Digikey","Mouser","Price"
"C1,C2,C3","10p","Capacitor_SMD:C_0402_1005Metric","C161520","3","GRM1555C1H100FA01D","https://www.digikey.com/en/products/detail/murata-electronics/GRM1555C1H100FA01D/2543854","https://mm.digikey.com/Volume0/opasdata/d220001/medias/docus/412/GRM1555C1H100FA01.pdf","CAP CER 10PF 50V C0G/NP0 0402","490-6186-1-ND","",""
"C4,C11,C12,C13,C16,C17,C18,C25,C27,C28","0.1u","Capacitor_SMD:C_0402_1005Metric","C5182432","10","GRM155C71H104JE19J","https://www.digikey.com/en/products/detail/murata-electronics/GRM155C71H104JE19J/10702795","https://search.murata.co.jp/Ceramy/image/img/A01X/G101/ENG/GRM155C71H104JE19-01A.pdf","CAP CER 0.1UF 50V X7S 0402","490-GRM155C71H104JE19JCT-ND","","$0.10"
"C5,C14,C15,C26,C29","100p","Capacitor_SMD:C_0402_1005Metric","C106200","5","CC0402JRNPO9BN101","https://www.digikey.com/en/products/detail/yageo/CC0402JRNPO9BN101/302758","https://www.yageo.com/en/Chart/Download/pdf/CC0402JRNPO9BN101","CAP CER 100PF 50V C0G/NPO 0402","311-1024-1-ND","","$0.08"
"C19,C20","1u","Capacitor_Tantalum_SMD:CP_EIA-3528-21_Kemet-B","C72109","2","TAJB105K050RNJ","https://www.digikey.com/en/products/detail/kyocera-avx/TAJB105K050RNJ/809525?s=N4IgTCBcDaICoEEBSAhAjABgKwGlsYCUA5JEAXQF8g","https://datasheets.kyocera-avx.com/TAJ.pdf","1 µF Molded Tantalum Capacitors 50 V 1411 (3528 Metric), 1210 7Ohm","478-3075-1-ND","","$0.95"
"C21,C22","0.1u","Capacitor_Tantalum_SMD:CP_EIA-3216-10_Kemet-I","C2798032","2","293D104X9050A2TE3","https://www.digikey.com/en/products/detail/vishay-sprague/293D104X9050A2TE3/1559462","https://www.digikey.com/en/products/detail/vishay-sprague/293D104X9050A2TE3/1559462","CAP TANT 0.1UF 10% 50V 1206","718-1110-1-ND","",""
"C23,C24","100p","Capacitor_SMD:C_0805_2012Metric","C16195634","2","FCP0805H101J-J1","https://www.digikey.com/en/products/detail/cornell-dubilier-knowles/FCP0805H101J-J1/1924335","https://www.digikey.com/en/products/detail/cornell-dubilier-knowles/FCP0805H101J-J1/1924335","CAP FILM 100PF 5% 50VDC 0805","338-FCP0805H101J-J1TR-ND","","$0.83"
"D0,D1,D2,D3,D4,D5,D6,D7,D8,D9,D10,D11,D12,D13,D14,D15,D16,D17,D18,D19,D24","LED","LED_SMD:LED_0805_2012Metric","C5569446","21","VAOL-S8WR4","https://www.digikey.com/en/products/detail/visual-communications-company-vcc/VAOL-S8WR4/4515729","https://www.mouser.com/ProductDetail/VCC/VAOL-S8WR4?qs=7DG%2Fna1Fp6skOBKn1Ijgmg%3D%3D","Standard LEDs - SMD White Diffused","VAOL-S8WR4CT-ND","593-VAOL-S8WR4",""
"D21,D22","11V","Diode_SMD:D_0402_1005Metric","","2","BZX884B11L-HG3-08","https://www.digikey.com/en/products/detail/vishay-general-semiconductor-diodes-division/BZX884B11L-HG3-08/14312771","https://www.vishay.com/docs/86186/bzx884l-series.pdf","Zener Diode 11 V 300 mW ±2% Surface Mount DFN1006-2A","112-BZX884B11L-HG3-08CT-ND","",""
"D23","5V1","Diode_SMD:D_0402_1005Metric","","1","BZX884B5V1L-G3-08","https://www.digikey.com/en/products/detail/vishay-general-semiconductor-diodes-division/BZX884B5V1L-G3-08/14312750","https://www.vishay.com/docs/86186/bzx884l-series.pdf","Zener Diode 5.1 V 300 mW ±2% Surface Mount DFN1006-2A","112-BZX884B5V1L-G3-08CT-ND","",""
"Q1","2N2907A","TES_Bias_Card_v3:TRANS_2N2222AUB","C3202392","1","2N2907AUB","https://www.digikey.com/en/products/detail/microchip-technology/2N2907AUB/4377390","https://ww1.microchip.com/downloads/aemDocuments/documents/HRDS/ProductDocuments/DataSheets/2N2906A-2N2907A-MIL-PRF-19500-291.pdf","Bipolar (BJT) Transistor PNP 60 V 600 mA 500 mW Surface Mount UB","2N2907AUBMS-ND","",""
"Q2,Q3","2N2222A","TES_Bias_Card_v3:TRANS_2N2222AUB","C3199376","2","2N2222AUB","https://www.digikey.com/en/products/detail/microchip-technology/2N2222AUB/4377384","https://mm.digikey.com/Volume0/opasdata/d220001/medias/docus/6128/2N2221A%2C%202N2222A.pdf","TRANS NPN 50V 0.8A 3SMD","2N2222AUBMS-ND","",""
"R1,R2","464","Resistor_SMD:R_0603_1608Metric","C218040","2","RT0603BRD07464RL","https://www.digikey.com/en/products/detail/yageo/RT0603BRD07464RL/1072537","https://www.digikey.com/en/products/detail/yageo/RT0603BRD07464RL/1072537","RES SMD 464 OHM 0.1% 1/10W 0603","YAG1664CT-ND","",""
"R3,R6,R7,R10,R11,R14,R15,R18,R19,R22,R23,R26,R27,R30,R31,R34,R35,R38,R39,R42,R43,R46,R47,R50,R51,R54,R55,R58,R59,R62,R63,R66,R67,R70,R71,R74,R75,R78,R79,R82,R98","3k4","Resistor_SMD:R_0603_1608Metric","C861379","41","RT0603BRD073K4L","https://www.digikey.com/en/products/detail/yageo/RT0603BRD073K4L/1072507?s=N4IgTCBcDaIEoBUAMA2JBmAQnAIkg7OgNIAsAMiALoC%2BQA","https://www.yageo.com/upload/media/product/app/datasheet/rchip/pyu-rt_1-to-0.01_rohs_l.pdf","https://www.yageo.com/upload/media/product/app/datasheet/rchip/pyu-rt_1-to-0.01_rohs_l.pdf","YAG1653CT-ND","",""
"R4,R5","1.07","Resistor_SMD:R_0603_1608Metric","C861215","2","RT0603BRD071RL","https://www.digikey.com/en/products/detail/yageo/RT0603BRD071RL/7708311?s=N4IgTCBcDaIEoBUAMA2JBmAQnAIkg7AIxwAyIAugL5A","https://www.yageo.com/upload/media/product/app/datasheet/rchip/pyu-rt_1-to-0.01_rohs_l.pdf","1 Ohms ±0.1% 0.1W, 1/10W Chip Resistor 0603 (1608 Metric) Thin Film","13-RT0603BRD071RLCT-ND","",""
"R8,R9","2.1","Resistor_SMD:R_0603_1608Metric","C136937","2","CPF0603B2R1E1","1712-CPF0603B2R1E1CT-ND","https://www.te.com/commerce/DocumentDelivery/DDEController?Action=srchrtrv&DocNm=1773200&DocType=DS&DocLang=English","2.1 Ohms ±0.1% 0.063W, 1/16W Chip Resistor 0603 (1608 Metric) Thin Film","1712-CPF0603B2R1E1CT-ND","",""
"R12,R13","4.22","Resistor_SMD:R_0603_1608Metric","C2989006","2","CPF0603B4R22E1","https://www.digikey.com/en/products/detail/te-connectivity-passive-product/CPF0603B4R22E1/14006954","https://www.digikey.com/en/products/detail/te-connectivity-passive-product/CPF0603B4R22E1/14006954","CPF 0603 4R22 0.1% 25PPM 1K RL","1712-CPF0603B4R22E1CT-ND","",""
"R16,R17","8.2","Resistor_SMD:R_0603_1608Metric","C861594","2","CPF0603B8R2E1","https://www.mouser.com/ProductDetail/TE-Connectivity-Holsworthy/CPF0603B8R2E1?qs=8G8kQhBkhGgGdTBYyV4cCw%3D%3D","https://www.te.com/commerce/DocumentDelivery/DDEController?Action=showdoc&DocId=Data+Sheet%7F1773200%7FM%7Fpdf%7FEnglish%7FENG_DS_1773200_M.pdf","Thin Film Resistors - SMD CPF 0603 8R2 0.1% 25PPM","","279-CPF0603B8R2E1 ","$0.20"
"R20,R21","16.7","Resistor_SMD:R_0603_1608Metric","C217817","2","RT0603BRD0716R7L","https://www.digikey.com/en/products/detail/yageo/RT0603BRD0716R7L/7708302","https://www.digikey.com/en/products/detail/yageo/RT0603BRD0716R7L/7708302","RES 16.7 OHM 0.1% 1/10W 0603","13-RT0603BRD0716R7LCT-ND","",""
"R24,R25","34","Resistor_SMD:R_0603_1608Metric","C217976","2","RT0603BRD0734RL","https://www.digikey.com/en/products/detail/yageo/RT0603BRD0734RL/1072478","https://www.digikey.com/en/products/detail/yageo/RT0603BRD0734RL/1072478","RES SMD 34 OHM 0.1% 1/10W 0603","13-RT0603BRD0734RLCT-ND","",""
"R28,R29","68.1","Resistor_SMD:R_0603_1608Metric","C218122","2","RT0603BRD0768R1L","https://www.digikey.com/en/products/detail/yageo/RT0603BRD0768R1L/1072622","https://www.digikey.com/en/products/detail/yageo/RT0603BRD0768R1L/1072622","RES SMD 68.1 OHM 0.1% 1/10W 0603","13-RT0603BRD0768R1LCT-ND","",""
"R32,R33","137","Resistor_SMD:R_0603_1608Metric","C217728","2","ERA-3AEB1370V","https://www.digikey.com/en/products/detail/panasonic-electronic-components/ERA-3AEB1370V/2026669","https://www.digikey.com/en/products/detail/panasonic-electronic-components/ERA-3AEB1370V/2026669","RES SMD 137 OHM 0.1% 1/10W 0603","10-ERA-3AEB1370VCT-ND","",""
"R36,R37","274","Resistor_SMD:R_0603_1608Metric","C217923","2","RT0603BRD07274RL","https://www.digikey.com/en/products/detail/yageo/RT0603BRD07274RL/1072408","https://www.digikey.com/en/products/detail/yageo/RT0603BRD07274RL/1072408","RES SMD 274 OHM 0.1% 1/10W 0603","YAG4516CT-ND","",""
"R40,R41","549","Resistor_SMD:R_0603_1608Metric","C218072","2","RT0603BRD07549RL","https://www.digikey.com/en/products/detail/yageo/RT0603BRD07549RL/1072576","https://www.digikey.com/en/products/detail/yageo/RT0603BRD07549RL/1072576","RES SMD 549 OHM 0.1% 1/10W 0603","13-RT0603BRD07549RLCT-ND","",""
"R44,R45","1k1","Resistor_SMD:R_0603_1608Metric","C705736","2","RT0603BRD071K1L","https://www.digikey.com/en/products/detail/yageo/RT0603BRD071K1L/1072319","https://www.digikey.com/en/products/detail/yageo/RT0603BRD071K1L/1072319","RES SMD 1.1K OHM 0.1% 1/10W 0603","YAG1561CT-ND","",""
"R48,R49","2k26","Resistor_SMD:R_0603_1608Metric","C667565","2","RT0603BRD072K26L","https://www.digikey.com/en/products/detail/yageo/RT0603BRD072K26L/1072429","https://www.digikey.com/en/products/detail/yageo/RT0603BRD072K26L/1072429","RES SMD 2.26KOHM 0.1% 1/10W 0603","YAG1615CT-ND","",""
"R52,R53","4k32","Resistor_SMD:R_0603_1608Metric","C855881","2","RT0603BRD074K32L","https://www.digikey.com/en/products/detail/yageo/RT0603BRD074K32L/1072555","https://www.digikey.com/en/products/detail/yageo/RT0603BRD074K32L/1072555","RES SMD 4.32KOHM 0.1% 1/10W 0603","YAG4567CT-ND","",""
"R56,R57","8k66","Resistor_SMD:R_0603_1608Metric","C491145","2","ERA-3AEB8661V","https://www.digikey.com/en/products/detail/panasonic-electronic-components/ERA-3AEB8661V/2026833","https://www.digikey.com/en/products/detail/panasonic-electronic-components/ERA-3AEB8661V/2026833","RES SMD 8.66KOHM 0.1% 1/10W 0603","10-ERA-3AEB8661VCT-ND","",""
"R60,R61","17k4","Resistor_SMD:R_0603_1608Metric","C861167","2","RT0603BRD0717K4L","https://www.digikey.com/en/products/detail/yageo/RT0603BRD0717K4L/1072289","https://www.digikey.com/en/products/detail/yageo/RT0603BRD0717K4L/1072289","RES SMD 17.4KOHM 0.1% 1/10W 0603","YAG1547CT-ND","",""
"R64,R65","35k7","Resistor_SMD:R_0603_1608Metric","C217980","2","RT0603BRD0735K7L","https://www.digikey.com/en/products/detail/yageo/RT0603BRD0735K7L/1072480","https://www.digikey.com/en/products/detail/yageo/RT0603BRD0735K7L/1072480","RES SMD 35.7KOHM 0.1% 1/10W 0603","YAG1642CT-ND","",""
"R68,R69","69k8","Resistor_SMD:R_0603_1608Metric","C861526","2","RT0603BRD0769K8L","https://www.digikey.com/en/products/detail/yageo/RT0603BRD0769K8L/1072625","https://www.digikey.com/en/products/detail/yageo/RT0603BRD0769K8L/1072625","RES SMD 69.8KOHM 0.1% 1/10W 0603","YAG1718CT-ND","",""
"R72,R73","140k","Resistor_SMD:R_0603_1608Metric","C855613","2","RT0603BRD07140KL","https://www.digikey.com/en/products/detail/yageo/RT0603BRD07140KL/1072246","https://www.digikey.com/en/products/detail/yageo/RT0603BRD07140KL/1072246","RES SMD 140K OHM 0.1% 1/10W 0603","YAG4474CT-ND","",""
"R76,R77","280k","Resistor_SMD:R_0603_1608Metric","C705755","2","RT0603BRD07280KL","https://www.digikey.com/en/products/detail/yageo/RT0603BRD07280KL/1072413","https://www.digikey.com/en/products/detail/yageo/RT0603BRD07280KL/1072413","RES SMD 280K OHM 0.1% 1/10W 0603","YAG1608CT-ND","",""
"R80,R81","562k","Resistor_SMD:R_0603_1608Metric","C705783","2","RT0603BRD07562KL","https://www.digikey.com/en/products/detail/yageo/RT0603BRD07562KL/5927977","https://www.digikey.com/en/products/detail/yageo/RT0603BRD07562KL/5927977","RES SMD 562K OHM 0.1% 1/10W 0603","13-RT0603BRD07562KLCT-ND","",""
"R83,R84,R86,R89,R91,R92,R93,R96,R97,R106,R107,R128","10k","Resistor_SMD:R_0402_1005Metric","C190095","12","TNPW040210K0BYED","https://www.digikey.com/en/products/detail/vishay-dale/TNPW040210K0BYED/7659401","https://www.digikey.com/en/products/detail/vishay-dale/TNPW040210K0BYED/7659401","10 kOhms ±0.1% 0.13W, 10ppm/K","541-TNPW040210K0BYEDCT-ND","",""
"R85,R109,R110,R111,R112,R113,R114,R115,R116,R117,R118,R119,R120,R121,R122,R123,R124,R125,R126,R127","100K","Resistor_SMD:R_0402_1005Metric","C705666","20","RT0402DRD07100KL","https://jlcpcb.com/partdetail/Yageo-RT0402DRD07100KL/C705666","https://jlcpcb.com/api/file/downloadByFileSystemAccessId/8603042460947783680","62.5mW Thin Film Resistor ±0.5% ±25ppm/℃ 100kΩ 0402 Chip Resistor - Surface Mount ROHS","YAG2304CT-ND","",""
"R87","4k99","Resistor_SMD:R_0402_1005Metric","C517446","1","RT0603BRD074K99L","https://www.digikey.com/en/products/detail/yageo/RT0603BRD074K99L/1072563","https://www.digikey.com/en/products/detail/yageo/RT0603BRD074K99L/1072563","RES SMD 4.99KOHM 0.1% 1/10W 0603","YAG1678CT-ND","",""
"R88,R90,R95","100","Resistor_SMD:R_0402_1005Metric","C705627","3","TNPW0402100RBYED","https://www.digikey.com/en/products/detail/vishay-dale/TNPW0402100RBYED/7659388","https://www.vishay.com/docs/28758/tnpw_e3.pdf","100 Ohms ±0.1% 0.13W , 10ppm/K","541-TNPW0402100RBYEDCT-ND","",""
"R94,R102,R103","0","Resistor_SMD:R_0402_1005Metric","C844710","3","CRCW04020000Z0EDC","https://www.mouser.com/ProductDetail/Vishay-Dale/CRCW04020000Z0EDC?qs=sGAEpiMZZMtlubZbdhIBIIZe04wfiaJW9KIkhfRMZVI%3D","https://www.mouser.com/ProductDetail/Vishay-Dale/CRCW04020000Z0EDC?qs=sGAEpiMZZMtlubZbdhIBIIZe04wfiaJW9KIkhfRMZVI%3D","Thick Film Resistors - SMD 1/16watt 0ohm Commercial Use","541-4062-1-ND","71-CRCW04020000Z0EDC",""
"R99,R101","10","Resistor_SMD:R_0402_1005Metric","C2075386","2","RT0402BRD0710RL","https://www.digikey.com/en/products/detail/yageo/RT0402BRD0710RL/1069002","https://www.digikey.com/en/products/detail/yageo/RT0402BRD0710RL/1069002","RES SMD 10 OHM 0.1% 1/16W 0402","YAG3340CT-ND","",""
"R100,R108","10","Resistor_SMD:R_0603_1608Metric","C217691","2","AT0603BRD0710RL","https://www.digikey.com/en/products/detail/yageo/AT0603BRD0710RL/5907446","https://www.digikey.com/en/products/detail/yageo/AT0603BRD0710RL/5907446","RES SMD 10 OHM 0.1% 1/10W 0603","13-AT0603BRD0710RLCT-ND","",""
"R104,R105","5.1K","Resistor_SMD:R_0402_1005Metric","C852856","2","TNPW04025K10BYEP","https://www.digikey.com/en/products/detail/vishay-dale/TNPW04025K10BYEP/13919012","https://www.digikey.com/en/products/detail/vishay-dale/TNPW04025K10BYEP/13919012","5.1 kOhms ±0.1% 0.13W, 10ppm/K","541-TNPW04025K10BYEPCT-ND","",""
"TP4","TestPoint - red","TestPoint:TestPoint_Keystone_5000-5004_Miniature","C5199900","1","5000","","","test point","","",""
"TP5","TestPoint - black","TestPoint:TestPoint_Keystone_5000-5004_Miniature","C238122","1","5001","","","test point","","",""
"TP7","TestPoint - white","TestPoint:TestPoint_Keystone_5000-5004_Miniature","C238123","1","5002","","","test point","","",""
"U1,U2,U3,U4,U5,U6,U7,U8,U9,U10,U11,U12,U13,U14,U15,U16,U17,U18,U19,U20,U21,U22,U23,U24,U25,U26,U27,U28,U29,U30,U31,U32,U33,U34,U35,U36,U37,U38,U39,U40,U44","CPC1002N","Package_SO:SOP-4_3.8x4.1mm_P2.54mm","C5359028","41","CPC1002NTR","https://www.digikey.com/product-detail/en/ixys-integrated-circuits-division/CPC1002NTR/CLA230DKR-ND/1212884","https://www.littelfuse.com/media?resourcetype=datasheets&itemid=8c944296-cc49-4fbd-b639-a9018c03a140&filename=cpc1002n","60V, 700mADC Single-Pole Normally Open Relay","5656-CPC1002NTRCT-ND","",""
"U41","TCA6424ARGJR","TES_Bias_Card_v3:QFN50P500X500X60-33N","C80692","1","TCA6424ARGJR","https://www.digikey.com/en/products/detail/texas-instruments/TCA6424ARGJR/2411677","https://www.ti.com/lit/gpn/tca6424a","Interface - I/O Expanders Lo-Vltg 24B I2C and SMBus I/O Expander","296-27844-1-ND","595-TCA6424ARGJR","$1.95"
"U43","OPA1604","Package_SO:SOIC-14_3.9x8.7mm_P1.27mm","C202157","1","OPA1604AIDR","https://www.digikey.com/en/products/detail/texas-instruments/OPA1604AIDR/2804698?s=N4IgTCBcDa4JwDYC0BmADARgwViRpAcgCIgC6AvkA","http://www.ti.com/lit/ds/symlink/opa1604.pdf","Quad SoundPlus High Performance, Bipolar-Input Audio Operational Amplifiers, SOIC-14/TSSOP-14","296-30115-1-ND","",""
"U45","INA228","Package_SO:VSSOP-10_3x3mm_P0.5mm","","1","","","https://www.ti.com/lit/ds/symlink/ina228.pdf","High-Side or Low-Side Measurement, Bi-Directional Current and Power Monitor (0-85V) with I2C, SMBus-, and PMBus-Compatible Interface, VSSOP-10","","",""
"U46","LTC4302-1","TES_Bias_Card_v3:MSOP_10","","1","LTC4302CMS-1#PBF","https://www.mouser.com/ProductDetail/Analog-Devices/LTC4302CMS-1PBF?qs=hVkxg5c3xu%252Bw9pR4r9Tpog%3D%3D","https://www.mouser.com/datasheet/2/609/4302fs-3125516.pdf","Interface - Signal Buffers, Repeaters Addressable 2-Wire Bus Buf","505-LTC4302CMS-1#PBF-ND","584-LTC4302CMS-1#PBF",""
